Property_id,rent
4394,438.18154761904765
2338,523.43
8531,962.86
8952,420.4776767676769
11064,275.91666666666663
10336,741.05
12954,910.07
219,384.47648809523815
1599,635.0476785714285
7572,428.29
170,1093.125
6658,327.95833333333326
3616,252.4466666666667
7772,326.5733333333333
1214,555.6621753246754
8197,527.6675
9892,274.7583333333333
1635,1137.8041666666668
7403,987.9166666666665
4468,260.88
13081,485.91
13917,376.84333333333336
4049,2262.0
2145,302.73125
2125,815.4125000000001
1580,520.582738095238
3828,899.6166666666666
10858,444.575
2999,686.5
3834,647.0375
11267,394.97242965367974
11904,621.45
5514,13210.755
8697,256.23083333333335
3466,554.3149999999999
8217,814.3303571428571
4230,323.815
10598,336.92315476190475
2920,455.58790584415584
328,430.885
10668,861.52
2911,407.1996428571428
5039,594.6229166666667
7590,378.64742063492065
5757,384.2
9697,458.14583333333326
3859,1043.55
11365,693.55
1984,434.19895604395606
6033,623.1416666666668
10816,198.34833333333336
11981,678.525
7883,406.6291865079365
6166,417.3125
7769,340.11
8087,287.3700595238096
5504,374.025
11853,321.67708333333337
7768,216.99202380952377
9232,308.4375
9695,617.696091269841
7477,862.195
12232,541.2
6795,267.15833333333336
5624,485.4313275613276
3600,547.0202976190476
11199,367.51583333333326
3681,693.5005952380955
169,1094.6999999999998
9531,696.625
1329,1175.1642857142856
2237,184.69
1079,514.985
8500,1337.0
456,611.9125
8010,886.5
9407,313.13362824675335
9538,302.4247619047619
3015,351.645
2583,317.3495833333333
10125,287.8
11959,568.95
4878,918.8273809523807
10070,421.920238095238
7151,197.45
736,441.23045634920635
12765,843.7583333333334
3480,148.55059523809524
1800,702.025
3602,748.43
8279,905.6198214285714
12788,372.69166666666666
3572,472.2583333333334
2925,389.6
2620,846.235
1924,742.275
12650,340.24916666666667
11699,834.5333333333334
4297,551.1930357142857
12435,303.90625000000006
4092,330.425
400,258.2690476190476
4801,437.024107142857
11378,453.63696428571427
8328,1234.775
7808,312.9485714285714
13578,449.5166666666667
13020,172.345
6346,699.95
3014,385.1046428571429
8117,216.3375
7525,441.0616666666667
13577,206.62
11472,284.125
9461,393.0375
11815,327.5797619047619
3345,548.925
12663,1255.275
13302,553.5433333333333
291,380.275
8240,821.05
13184,492.31
7310,294.1125
2819,256.17634920634924
3406,296.6970129870129
3543,305.6075
8359,412.95
1689,544.0857142857143
11850,255.83333333333331
11018,514.5633333333334
6426,295.31
8280,589.9496428571429
7568,446.35
8539,828.6708333333335
3032,454.97
3596,407.9367424242425
7597,1418.75
5730,255.9440476190476
13214,222.4625
609,391.625
7751,3616.5
12177,540.075
9623,381.84375
13033,196.8674702380952
13331,383.8
6196,913.1535714285714
5480,1233.0
1845,383.9383928571429
2770,591.1735119047619
8251,386.56666666666666
10862,401.48
1744,604.53
9367,780.55
6089,1255.4511904761903
3618,378.31333333333333
10180,381.525
11445,672.9066666666665
13836,208.2025
4100,887.9416666666666
8744,497.11387237762233
2068,424.88321428571436
13015,642.9492460317458
13960,219.41583333333332
13336,422.87976190476184
8456,1127.1194444444443
1966,428.1779688367189
10748,291.635
11370,333.66537937756686
9658,1446.325
8694,276.2868452380952
12832,705.67
10698,1433.75
13473,682.1716666666666
2994,561.57875
4169,426.13838712370284
10428,148.26166666666668
7920,402.0083333333334
12383,307.91333333333336
5072,520.1105952380952
10872,510.95
4463,467.82583333333326
5652,514.8146428571429
12837,500.875
12713,782.3029166666668
10292,298.8
11431,463.0416666666668
1963,446.075
1770,230.85208333333333
11403,728.05
3996,408.55695887445887
7925,395.425
10045,1104.635
1958,433.5873333333333
4818,320.04249999999996
11355,202.96107142857144
6076,726.0
8075,953.19
8871,1035.625
4266,277.245
13205,873.81
12256,360.369246031746
3647,608.17
11286,602.9083333333333
7454,259.12416666666667
10121,618.3440476190476
12063,795.3416666666666
8939,378.848
8643,393.80500000000006
733,458.625
796,483.73
1594,657.18
7429,859.05
9090,284.73333333333335
11220,519.6375
5835,478.1125
10035,656.86
411,261.46261904761906
2120,467.27465277777765
10640,1163.3
6097,875.885
1922,518.1416666666667
2141,356.6625
3856,655.2825
9726,312.025
12157,358.48107142857145
8927,469.1895833333333
1490,834.49
9026,366.02344047619044
11508,508.545
7766,486.92666666666673
6866,635.9247619047619
8487,512.5633333333334
5251,990.64
3692,1021.9666666666667
6552,1292.625
904,1029.375
12219,303.3566666666666
488,340.349761904762
4163,424.8616666666666
14011,434.75630952380953
12246,318.0206547619048
8911,590.475
903,260.0891666666667
2013,962.1458333333335
4191,298.53541666666666
4862,267.1874025974025
5229,405.3363852120103
6105,431.778125
10445,685.7583333333334
15,716.375
3593,1050.05
7029,260.9041666666667
13066,1166.0875
10751,378.89583333333326
10466,428.1779688367189
7074,811.5166666666668
10672,321.8
9108,253.03547619047617
7915,594.6229166666667
13147,345.30550685425703
3223,506.95208333333335
13807,702.665
12173,262.725
6585,388.0347619047619
1517,1060.3
4521,420.4776767676769
3208,391.8625
2457,302.0275
1359,1242.475
7439,1201.75
8792,428.0612987012988
7229,799.45
12797,860.025
6456,1041.4866666666667
8077,153.73958333333334
2035,292.8833333333333
9523,557.4666666666667
1347,420.4604247835498
287,476.3916666666667
9591,1009.5620634920633
3523,703.5541666666667
3209,475.3791666666667
8424,784.8145833333333
8463,155.00166666666667
3479,550.87875
1108,807.5520833333335
3705,266.325
2361,823.36
4994,1050.625
10307,317.49375
2311,461.7915764790764
10194,360.2333333333333
7692,715.9116666666665
5764,441.17595238095237
1748,659.5375
2632,565.2458333333333
7110,441.3506547619049
9882,423.96041666666673
2693,1288.1666666666667
5640,267.12666666666667
13432,204.21333333333337
10257,350.57458333333335
10033,302.96333333333337
1581,517.7827380952381
9024,421.55420062392807
1663,608.2034812409813
9764,956.675
7641,1351.975
8622,1070.185
4906,325.7303968253967
354,1041.125
6303,1657.25
5999,1177.15
10158,304.1
2958,721.2525
3653,905.19
1796,388.9527777777778
12426,422.185
1607,533.95
2715,577.3145833333333
10401,316.57416666666666
2590,398.6733333333333
3380,339.10666666666674
9192,347.45537129537144
1990,165.18333333333337
11233,268.9429761904762
13631,912.095
8566,812.6458333333335
14058,649.5916666666667
12277,710.58
2110,374.3875
4166,474.60416666666663
6553,441.69361111111107
4190,331.1833333333333
10711,413.095
1419,395.1499999999999
174,530.8830952380952
7609,437.69
1784,1481.05
9775,1204.1833333333334
7475,208.40714285714287
3679,620.75
7638,349.86666666666673
6576,1262.9375
4510,465.8047619047619
10141,628.4433333333333
10236,484.815
100,515.8458928571428
7489,435.66166666666663
1698,479.84041666666667
6957,223.39583333333331
3777,568.0041666666668
6974,346.03392857142876
12804,392.8666666666666
1723,2041.0
4503,474.8
8305,546.5393452380953
837,749.22
12656,391.96583333333336
8028,289.11875
10547,276.47
6715,824.6
4046,1351.25
1062,315.3501785714286
7628,473.29763888888886
7497,1030.4183333333335
13167,1028.567857142857
5728,365.245
8743,825.2420833333333
11170,944.1
7502,450.73482954545466
11062,883.6404761904763
5207,627.49
9839,223.80583333333337
10889,384.90081349206343
3419,1269.45
795,388.4875
1535,368.95
1040,797.7166666666666
5002,634.1464285714286
10696,529.3
11125,801.1383333333333
8421,728.25
1618,573.85
6400,348.50875
8483,403.1
9163,794.1343571428572
5036,490.90333333333336
8673,410.1585317460317
9229,279.3375
5445,173.445
6910,871.2474603174603
281,1056.3
1115,299.25
773,347.325
709,445.64166666666665
13288,927.8416666666667
10826,228.52785714285713
7317,751.9166666666665
12448,364.58333333333337
9162,470.10401701076694
11877,165.855
3704,299.225
10435,396.22916666666663
2875,378.9258333333333
5427,416.2739087301588
7823,507.29
7158,569.2875
3446,266.325
12483,452.1993609022556
12967,628.2934523809524
978,417.68154761904754
4401,215.85833333333332
32,828.6708333333335
5340,299.18780212842705
1576,456.4211904761905
340,386.587619047619
8779,861.9414502164503
11735,276.275
4368,337.46333333333337
6747,1181.8333333333333
2086,336.1125
11243,402.9594444444445
7554,1082.3
6299,364.7118452380952
2496,1425.35
3956,393.7
3939,322.50404761904764
11014,206.13333333333335
9631,314.0151770451771
3515,315.425
3342,661.6430555555555
469,1823.5
12488,189.72750000000005
4465,1218.4625
11219,425.64960317460327
4342,386.18
7982,292.3
6302,512.0208333333333
2975,449.1124543650796
103,957.2
2202,260.2836904761905
3781,423.8075
6462,834.0
2460,570.302
5217,364.60079365079355
3920,815.5194444444444
5372,262.7003571428571
8288,513.4625000000001
11709,401.84583333333336
2440,164.17458333333332
9103,3319.65
8467,1266.1433333333332
10494,1331.1076190476192
6070,297.475
8766,434.0458333333333
5748,971.375
9244,393.8230357142858
8630,256.5333333333333
14047,390.1083333333333
8508,564.55
7259,1056.3929166666667
12605,324.0
9945,566.7041666666667
9380,1115.71
6202,1373.8
3786,873.8858333333334
5660,361.95
9465,497.155
12190,353.9125
3026,677.2999999999998
5913,1107.625
10260,1658.4
4639,455.975
9728,527.2791666666667
5141,1128.775
11319,482.9008928571429
8551,2631.75
5080,604.4158333333332
625,487.43650396825416
7137,488.0728571428572
5923,570.8207142857143
7255,252.25130952380954
12729,207.05
11108,1068.8333333333333
9460,432.26636904761904
10535,436.3756705859502
6373,413.02
11851,371.6941666666667
10586,1219.8460317460317
6344,490.32625
10145,1181.8333333333333
1769,285.6133333333333
6903,773.75
361,1350.0261904761905
4605,486.2816666666668
13937,207.7
10086,303.075
182,136.83125
3025,334.67351010101015
8560,744.4916666666666
748,832.045
2535,349.0325
7969,914.945
4964,541.0288333333333
3822,573.3427777777778
4044,885.97
4353,1102.8875
3951,479.3044687950938
4065,839.85
12610,356.09166666666664
1890,203.6102976190476
4402,250.27535714285713
12208,549.65
2929,585.6151587301587
1112,346.22
6490,849.625
5847,687.7716666666668
6193,394.97242965367974
1563,458.55562673437663
7145,1584.3
12933,433.6779761904761
11962,747.935
11555,257.6
12285,539.7125
11515,463.315
10702,110706.75
285,374.995
11725,1027.0125
13061,464.925
11201,340.8075
2502,310.8654166666667
12251,439.0129166666666
1262,348.8416666666667
6235,3549.5
10058,480.9291666666666
9774,1139.725
7059,761.69375
5965,350.79869047619053
10779,1266.0
3300,1105.7725
1715,393.1385616466868
4751,607.3233333333334
9417,836.093253968254
13150,384.61583333333334
10079,1222.125
5174,266.6125
12856,951.43
10664,634.23
8109,266.74047619047616
11056,744.0857142857144
11180,221.04166666666669
3144,245.6625
5921,450.57577380952387
7277,245.65
8247,630.2341666666667
11942,465.575
12160,298.03375
3001,433.81878363303366
10018,281.9975
9820,452.63750000000016
13525,209.59166666666667
2118,406.83333333333337
2484,273.77738095238095
2910,877.91
5033,1092.2
9258,382.76190476190476
11002,477.8125
1494,587.139880952381
2326,333.37482142857147
7865,680.20375
2082,428.34583333333336
12487,648.1416666666667
3892,1292.8541666666665
7513,381.8601904761905
7384,483.55
9397,529.3708333333334
12295,255.3777380952381
7860,584.21
7713,405.2267261904762
1531,299.1069047619048
13319,209.35
9640,1479.05
4314,306.955
9582,500.3519047619048
10192,856.25
7646,337.2158333333333
10080,3441.15
4694,303.7125
2184,322.99375000000003
14020,764.635
8375,358.85
8654,264.26666666666665
7964,398.625
6148,698.52
9702,1010.9
451,373.675
2936,529.6342857142857
12767,431.0064393939394
13158,707.98
9962,301.68125
2520,327.62898809523807
13813,200.55238095238093
8746,1319.25
5063,773.0
8118,291.8333333333333
1741,625.79
7031,211.325
2302,901.5416666666667
10666,432.9716666666667
2537,384.7925000000001
1612,774.55
9602,268.4708333333333
7904,576.5253571428572
11648,595.0077380952381
5264,915.5614285714286
3942,1789.75
1476,1032.425
2453,246.71666666666667
178,432.07583333333326
11497,388.5716666666667
13095,1007.54
13750,465.63699999999994
12754,1565.745
458,400.98821428571426
1011,472.92916666666673
6153,535.4661614774113
2479,451.1720833333334
3888,628.8866666666668
12833,217.25
64,1094.6999999999998
3283,338.95875
971,1055.6875
6378,434.1625
9037,906.1
9097,1075.9
13703,206.15
1248,478.17361111111103
6862,849.55
8181,349.3696428571429
7230,1458.0
11184,439.31869047619045
2026,314.67083333333335
380,959.15
3317,303.60125
8389,282.63875
7799,391.96583333333336
10475,510.97819047619043
8238,981.735
4202,1252.025
1023,415.995428876679
8656,286.625
7307,343.475
1721,506.536511904762
6555,935.05
11789,377.74833333333333
5124,462.9941666666666
6843,685.75
7718,906.425
6419,1160.075
3571,355.0153571428572
10203,442.9875
11287,461.44733333333335
12398,435.6270952380953
11865,344.24863997113994
9028,1172.045
9,1136.8
8728,265.01166666666666
5900,1707.85
4192,487.1572619047619
5007,186.6
10369,284.3610119047619
4983,823.9583333333333
7055,406.83333333333337
9312,299.7429166666667
6441,528.8495833333333
9533,279.8464285714286
11915,671.71
8184,303.43977813852814
7637,797.0741666666665
5863,1185.75
6626,758.9333333333334
9705,352.1916666666667
8795,401.59142857142854
1767,323.705
10359,988.3775
7959,348.1611904761905
2821,231.92928571428575
2343,322.4082142857143
8558,645.9783333333332
10373,376.84333333333336
3644,393.7321428571429
7629,330.6261904761905
3185,404.22988095238094
3680,331.33492063492054
2747,174.88166666666663
4348,341.16319444444446
8409,1358.46
7232,1075.25
737,439.145
11312,379.08666666666664
7678,501.50833333333327
8731,295.15
3990,1016.77
11059,806.6599999999999
3352,711.44
2313,521.9350000000001
3852,812.3055952380951
4960,543.54
9673,180.9
1054,1624.8
8170,453.5949999999999
10370,294.55351190476193
3070,1296.0
7301,559.9
8869,1163.3
4430,557.35
3659,350.0
9021,216.475
9683,258.7866666666667
10994,1659.75
1035,317.1625
6244,398.6733333333333
9416,265.2375
8319,459.74047619047616
5838,521.0954166666667
9186,317.115
12476,441.2283333333334
7309,506.68083333333334
10943,735.825
9717,527.2791666666667
5911,410.96562499999993
13037,756.18
10846,219.46071428571432
2705,293.715
12697,651.0928571428572
9242,487.37500000000006
2610,293.95416666666665
11587,492.6657738095237
8413,426.13838712370284
10639,1037.66
6736,773.1
885,1160.7142857142856
2070,431.4891315628814
2272,782.605
10006,468.125
11988,421.25750000000005
7827,1082.975
5041,386.48083333333335
11710,354.15
10504,1090.5211904761904
1965,328.7541666666667
10425,848.4
11893,1297.65
2020,773.8
6330,240.9091666666667
11352,705.4
7073,380.0471428571429
5175,319.12916666666666
3997,680.06
9153,511.0802254689755
2228,359.48333333333335
587,458.75
9177,348.8416666666667
6500,271.075
5381,461.69636904761893
5291,365.39444444444445
9394,279.3375
4016,302.4483333333334
10163,505.42333333333335
1740,311.4783333333333
4773,450.99627380952376
9564,392.45833333333337
8519,1060.35
7488,320.04249999999996
12234,352.88333333333327
7869,417.3964556277058
7794,391.96583333333336
9932,346.15
2268,610.555
9067,361.2458333333333
12461,291.46666666666664
7667,501.705
10710,393.8802380952379
2678,321.9809523809524
5573,484.6946031746032
10207,873.0725198412698
8909,465.9016666666667
6724,247.475
1122,287.79082251082247
12085,414.145753968254
928,485.0011904761903
11675,677.0
12362,446.3
4027,298.06666666666666
2955,1015.9621428571429
812,413.9908333333333
1724,1169.725
11080,269.6566666666667
5460,278.4523214285714
48,1292.625
9487,285.8616666666665
2407,370.565
12895,1027.6741666666667
10499,902.07
5934,465.4675
4041,499.375
11713,717.3166666666667
11066,346.075
2088,902.3708333333333
10655,337.95
1254,366.425
2271,435.905
7077,377.49166666666673
10726,401.95690476190475
5889,394.4125
9250,470.10401701076694
9849,327.7125
9944,1163.3
5370,1292.25
5380,1419.875
11359,561.4066666666668
386,553.687738095238
4963,272.99375
8628,405.04
6698,322.1491666666666
4030,477.55
3435,428.02
9279,470.10401701076694
3752,284.3
10219,321.3625
8574,321.0850793650793
7146,340.54567460317463
6393,732.045
8127,319.8633333333333
1271,461.7915764790764
6952,574.5285822510823
8365,456.81666666666666
11342,1249.625
750,312.9025
10960,772.9958333333333
9510,152.4
13356,288.1888095238095
3207,434.84083333333336
3533,362.1963492063493
13948,257.85579365079366
5708,528.8495833333333
12477,675.435
8105,196.49499999999998
8982,611.8583333333333
3805,319.6080357142857
11974,1008.1
10537,693.7307341269843
4349,528.53
7682,438.565
9387,150.35916666666665
10638,1160.075
2767,773.0
9171,320.96333333333337
11529,176.16732142857146
9187,393.5207142857143
5933,365.08964285714285
14002,526.70275
1454,289.48125
12995,709.9375
3609,289.67083333333335
1226,470.53190476190474
534,523.5220833333335
3112,328.6169623085249
13561,253.9519047619047
8742,918.875
9750,316.27051767676767
6129,1182.1291666666666
9483,315.17559523809524
9054,977.5675
8086,541.8729166666667
10112,306.22
10558,331.4125
2215,568.665
4660,541.275
13980,694.49
1140,339.1252256077256
13659,243.825
8471,826.8125
474,540.2
7665,503.655
4075,276.4275
543,1006.25
7579,331.42999999999995
1087,328.84166666666664
10847,686.5916666666666
3222,494.0660416666667
8404,1172.7
4337,195.775
2665,718.35
7732,406.6291865079365
9612,576.725
8148,182.92
4113,301.50531746031754
8778,322.50404761904764
13524,310.20833333333337
1007,1050.725
12511,280.35
13952,280.0
8891,340.425
1386,517.3138906926406
6533,334.67351010101015
4149,288.25
6804,646.8775
11210,880.3
8274,802.58
7825,1048.6226190476189
12267,537.7910714285714
13730,201.85
6351,695.49
11137,432.26636904761904
14066,841.2443452380953
7318,369.2104166666666
2190,231.41666666666663
13811,178.73833333333334
4247,733.1036111111109
12941,379.28
4516,1249.5
8128,234.490625
4606,217.09166666666667
3612,320.9910714285714
5982,1158.45
1351,538.76375
13487,381.23458333333326
13183,679.2
5529,1278.7624999999998
13920,240.28125
10882,426.7714880952383
5689,465.02261904761906
11470,265.06666666666666
11797,292.56666666666666
4507,200.49166666666667
1394,563.3958333333334
6741,310.05
389,1129.0833333333335
3657,573.6625
8664,431.45
13620,886.0061904761906
8020,433.5873333333333
1936,658.1425
4665,320.3321130952382
4456,938.01
3782,1143.25
6721,491.73333333333335
7820,302.66
305,275.33375
8803,850.7279166666667
13746,1220.87
12032,432.05
312,666.41
13334,445.86791666666664
13748,311.825
2146,243.5875
3234,648.3133333333334
358,360.2044047619048
606,288.1691666666667
13035,287.3
6139,417.3964556277058
13847,178.73833333333334
13936,347.355
477,231.1
9441,553.5291666666667
13868,741.95
4748,423.96995886058386
4339,541.8658333333334
14060,1046.0794444444446
3502,1261.9291666666666
4897,754.1
6404,309.475
9555,433.2389287101788
7482,527.3498809523811
3998,607.8976190476191
10403,389.8921428571428
3945,472.3458333333333
8765,1237.45
10039,338.8805555555555
3964,908.2790674603175
11807,960.5250000000001
9314,1107.25
4920,1046.8
5222,388.26051587301583
3194,516.6304166666667
7276,598.2916666666667
1745,883.02
1660,1183.875
12548,458.4623809523809
994,377.65888888888895
6885,401.7690476190476
4642,276.78333333333336
11599,498.285
13563,378.88705663780667
6024,1445.5708333333332
8516,600.6583333333333
7656,552.1416666666665
10128,1157.835
11206,498.375
4105,420.4776767676769
8979,1236.07
7707,406.6291865079365
249,541.0288333333333
8179,698.25
13450,416.0004166666667
12846,214.05624999999998
6238,381.0825
697,600.6443452380952
4047,1800.725
863,335.6402564102564
7268,485.18666666666667
10828,806.2041666666665
2178,481.4888095238096
6177,182.18000000000004
7989,544.8
1431,343.56416666666667
1321,511.2615844792463
9330,335.58178571428573
2443,263.55
11069,741.8493333333334
13039,185.6990476190476
519,381.15357142857147
3878,956.4175
71,1343.3
7069,908.0466666666666
10948,563.335
3624,622.9518571428572
6204,903.1
3434,499.5683333333334
12103,464.9109243534242
7262,532.9816666666667
4640,325.6130555555556
2663,300.7
7106,644.4333333333334
42,486.95
2656,907.5029761904761
2612,475.70452380952395
5804,644.8470238095238
6088,388.9375
5147,391.625
13272,505.7566666666667
1352,536.7666666666667
2040,172.22
5565,423.96995886058386
7677,928.475
5383,925.0666666666667
2849,295.2076785714286
7208,443.8083333333333
1311,537.849880952381
4107,284.3
10623,1354.375
1483,1262.75
1656,363.09142857142854
1945,710.2985714285714
13945,241.62708333333333
5884,447.7033333333334
13461,1017.2141666666668
5260,214.00117424242424
5126,1145.7958333333333
11724,1387.7
12447,361.2041666666667
8969,256.3666666666667
1534,245.04029761904766
7626,622.9518571428572
11530,374.3
218,350.0
12371,220.575
3911,858.8750000000001
8798,1121.3541666666667
3527,590.1875
2629,439.06666666666666
7043,307.18
3670,383.66166666666663
12326,198.6325
2596,439.06666666666666
6827,391.625
901,440.49821428571425
185,485.85
3017,251.85833333333335
11221,556.34
11791,377.06180555555557
12139,724.585
9620,269.0089285714286
11455,653.95
593,534.4375
5702,775.65
12123,324.17500000000007
3903,904.57
539,480.02458333333334
12584,591.4225
9878,486.685
14042,465.93333333333345
11076,987.125
11680,423.1208333333333
5554,411.54591269841274
5149,1030.2325
3773,343.9672619047619
395,457.76250000000005
6840,1797.25
7008,424.29107142857146
8407,4056.86
9415,474.1004761904762
7661,216.1575
4338,1038.725
2158,477.1058333333333
5197,835.325
5668,1301.8958333333335
2426,1308.425
9100,253.1016666666667
10008,358.5033333333333
8757,638.6809523809524
5351,424.73790945165945
6217,247.66666666666669
13684,788.35
2352,718.0616666666666
13875,469.625
8486,1148.675
13534,373.9411607142858
4619,806.66
4901,624.785
10285,239.65380952380954
466,819.67
10888,2545.8
114,386.587619047619
4449,989.42
12948,1032.625
4376,324.5972619047619
10246,931.275
10357,401.0158333333334
36,280.325
3661,442.0272916666667
12301,325.5416666666667
13157,835.4069999999999
4950,354.8458333333333
8720,318.83857142857147
2324,149.51666666666665
2857,294.6276785714286
13106,1250.5
14017,1076.25
869,342.95
8758,281.9314583333333
2345,750.6070833333333
3943,804.4975000000002
9344,537.887380952381
5461,431.7225
7771,563.82
7984,282.11754689754696
6347,876.0416666666665
11733,353.89333333333326
2949,333.7
3064,1133.5416666666667
2055,319.83333333333337
9698,479.2479166666667
12011,322.63154761904764
13128,761.17
13908,302.1
6970,535.375
1373,418.425
2022,259.2166666666667
2367,385.69125
6486,371.35
11837,296.77208333333334
5971,334.6315891053392
13604,214.93
12066,444.195
6511,356.8375
9621,379.2793452380952
13592,462.23507936507923
11922,703.5
11931,657.795
11228,324.22333333333336
12156,1708.75
10492,214.0302380952381
11860,322.6633333333334
5717,368.36833333333334
1624,516.75
10946,557.4858333333334
10331,432.26636904761904
7392,1146.4825
7368,275.39166666666665
10782,1538.25
1702,244.35
4873,527.0963690476191
7285,1219.8460317460317
2616,1010.75
10910,403.50666666666666
6642,382.77021645021637
13782,382.025
1027,355.05
1684,475.3425595238095
9211,292.02
4707,354.8759523809524
10052,402.6858928571429
10602,404.37958333333336
9614,1088.465
7673,668.825
8870,349.66666666666674
1003,811.1483333333334
9472,800.845
9231,926.325
13096,364.41181547619055
11657,360.475
8411,1353.75
1218,382.77021645021637
4036,1022.97
5647,1813.5
8002,1051.25
3211,473.4875
168,500.21458333333334
4058,1207.11
13442,208.34166666666667
7533,239.5547916666667
12252,412.26666666666665
8608,349.74166666666673
4696,622.0294795482295
6390,454.4411525974025
13777,555.76
4340,953.77
7796,226.02666666666667
2859,513.1
12119,330.27
8510,1231.3375
6651,985.5380952380953
2532,1385.1
9845,577.8721666666668
4863,1972.5
5404,261.46797619047624
3882,368.09
11282,189.98333333333335
3488,393.10833333333335
3387,288.845
3756,399.86476190476196
10262,1030.5533333333335
2895,495.4466666666667
1200,2587.25
11110,331.375
248,392.70113095238094
6128,406.37380952380937
4302,657.835
7900,292.675
5513,159.71458333333334
13881,463.65
512,1456.25
2877,417.42628968253956
8741,196.355
6180,1103.5333333333333
13269,304.25833333333344
13695,558.86
8910,556.2997023809525
1808,1065.9725
12661,7753.9
10467,365.8119047619048
4129,374.2383333333333
8224,460.40666666666664
6655,532.5894999999999
4852,476.5362357087353
11168,359.44
136,280.325
432,278.3035714285714
4099,303.975
3669,355.70416666666665
13843,467.79375
13882,311.8460714285714
2799,438.46916666666664
9841,1485.0
4418,412.86805555555554
4966,397.29868849206355
8130,531.9525
7592,620.0103571428573
4992,1084.1583333333333
11256,468.175
6701,1879.25
5225,537.887380952381
5768,575.8146428571429
3577,255.3777380952381
3147,390.71
7203,427.9220833333334
9859,678.235
5285,442.745
8204,335.2316666666666
13049,417.1
5307,488.0728571428572
4094,289.22416666666663
5226,437.25833333333327
2456,533.27
13637,573.43
2860,1102.625
1587,382.5949404761905
9105,3395.175
7943,320.54166666666663
6593,660.2583333333334
6483,377.2
12778,218.2375
938,592.325
2597,281.2035714285714
834,491.99
7022,1382.2125
6399,344.11570553221287
9082,408.50833333333327
873,379.45
12437,466.9916666666666
5407,348.8416666666667
9402,732.5083333333334
1176,1246.95
10781,447.31958333333336
13000,388.5350757575758
4238,259.70416666666665
2677,1768.1975
5457,230.327380952381
6114,388.2583333333334
1084,479.35
11636,299.4
1685,358.4833333333333
11844,530.5533333333334
4794,1364.51
5932,729.2
412,307.26666666666665
1198,1197.1
1484,1429.25
13276,351.86
7448,381.40880952380957
1369,765.57
12196,225.7458333333333
7239,452.075
6631,555.9486666666668
721,461.7915764790764
6909,563.5354166666666
9144,706.3616666666666
1434,292.2421428571428
12253,1126.71
9469,1732.0
5791,411.258630952381
4388,671.0558134920634
13017,611.025
2474,307.1583333333333
9856,1045.52
12665,460.7375
9364,149.8
2702,155.09166666666667
300,313.575
8426,314.72023809523813
10615,287.29833333333335
7380,1645.5
4124,529.57375
13825,1748.5
10346,325.6333333333333
12848,255.3777380952381
1399,393.1385616466868
12604,507.2425
3215,420.0666666666667
2418,272.50446428571433
5937,330.6725
11409,359.5291666666667
6214,219.8875
5382,274.4708333333333
13679,962.6291666666667
4309,335.46666666666664
1374,186.6
5247,311.4783333333333
1191,337.0917424242424
6434,882.765
10657,695.05
120,396.25
4609,752.34
9691,904.55
8078,160.80166666666662
5262,931.0583333333333
11806,434.15
11117,249.64791666666667
12859,402.05833333333334
10514,451.895
7600,695.65
9799,421.8319264069263
13153,606.6694047619046
658,438.40833333333336
124,1200.25
7965,2039.0
3335,367.7008333333334
9975,267.975
13294,705.3383333333335
13949,420.275
11571,576.835
11232,711.1041666666665
3450,684.7291666666667
10319,826.45
8026,287.35
1327,632.56
705,709.4
13505,208.5983928571429
9645,267.1874025974025
11413,324.17500000000007
12322,296.7
7691,1159.275
10595,430.7011111111111
2168,1565.5
151,550.525
9725,1071.2410714285716
8652,865.875
3979,426.13838712370284
7061,289.67083333333335
8621,400.63706619769107
6823,406.693005952381
6551,1348.5
9895,240.80833333333337
4227,712.4666666666667
9114,249.55726190476196
12838,346.5979166666667
7325,390.65875
12585,315.39833333333337
9393,272.50446428571433
4833,300.105
12241,1162.9630952380953
1731,2588.45
3835,544.6330357142858
5569,401.025
2513,360.7294047619048
9630,451.9857404540765
3308,353.96857142857147
10975,338.08
13054,259.12416666666667
1714,676.3429761904763
9316,531.9521428571429
2255,321.0850793650793
8049,287.76458333333335
2100,322.50404761904764
3022,695.9316666666667
2123,650.45
11336,619.3
6742,317.45833333333337
4636,944.875
9280,303.34166666666664
13815,400.4191666666666
8845,392.9775000000001
34,1136.8
4683,765.6295238095238
13417,237.41297619047617
10389,445.02803571428575
3044,386.17212454212444
4851,775.24375
13071,1306.5
11967,207.0875
4715,1097.3166666666666
13728,279.35041666666666
926,362.875
7894,596.33
5118,465.702261904762
909,288.1691666666667
9563,420.4776767676769
8425,375.91124999999994
8012,548.2267857142857
12360,4990.75
10448,411.305
7587,210.76666666666668
9682,939.4133333333334
8262,377.75
6926,617.9552777777778
9977,385.1046428571429
8065,438.35
2472,489.192619047619
5997,327.95833333333326
765,429.9666666666667
3947,325.3291666666666
9894,267.375
1086,443.17083333333335
7802,364.575
12335,1967.5
7338,1005.65
10965,451.04
10591,430.75083333333333
979,354.32749999999993
10273,2233.3
11467,325.4472023809524
5845,726.2041666666665
2630,281.2035714285714
51,1200.25
9146,421.01693292818294
7500,627.485
8881,279.8576190476191
4537,1028.8425
7200,291.32537878787883
9055,326.5733333333333
4330,364.0591666666667
8824,400.60479166666664
1409,373.4
4514,192.29952380952378
13539,299.2308333333333
9846,921.5750000000002
10418,519.3375
6516,311.44273809523804
2901,348.32946428571427
2216,314.72023809523813
3106,672.335
10833,345.435
10009,199.55416666666665
3438,520.175
6254,972.775
5961,648.875
5613,620.9420833333335
6978,385.2125
8830,569.5016666666667
5897,390.6888214285714
4106,301.50531746031754
7582,266.40624999999994
1600,404.39583333333337
397,330.42
6406,1103.25
11466,353.28125
5501,260.62380952380954
4396,434.7833333333333
12889,380.20083333333326
2639,706.82
11985,511.3323809523809
7319,408.5158333333334
13046,189.3375
931,132.61499999999998
4739,424.73790945165945
8060,597.0599999999998
818,709.2366666666666
435,3691.4
2803,679.995
1036,1163.3
6127,328.345
7874,711.8055555555557
6791,248.10416666666663
201,479.14
6959,408.45
7854,383.0091666666667
12164,514.2044642857144
12397,419.4683333333333
8601,1254.3083333333334
252,324.6616666666667
612,446.308630952381
5712,387.595753968254
1513,609.4369047619048
11917,1503.75
9412,318.435119047619
6287,691.87
5319,1358.675
11216,1022.325
2627,791.8666666666667
3449,266.55833333333334
3814,312.20249999999993
150,325.25
10173,348.725
3412,207.36666666666667
13676,236.595
8898,1579.25
1749,363.4247619047619
2010,312.20249999999993
4112,964.7483333333334
8903,618.5886904761908
8835,387.6482738095238
1403,477.55
3560,399.7892857142857
8250,522.1050595238096
764,1372.5
1912,340.0238888888889
12144,539.9200000000001
7604,365.44583333333327
7559,389.31642857142856
4692,468.0325
9553,573.2833333333333
4811,349.0378571428571
2233,1195.4416666666666
7765,282.905
4835,187.18958333333333
1651,573.85
9404,413.8599999999999
5715,418.45248015873017
4193,575.9432142857142
2096,407.815
6696,328.675
14104,334.3707108169609
9379,288.837380952381
11690,715.3513809523809
12336,136.2
84,307.85
9707,582.6445238095238
4937,577.543630952381
6195,438.2923214285714
8704,336.41215909090914
6537,160.88166666666666
12818,705.67
12473,2734.1
12906,330.13333333333327
4527,472.5916666666666
2885,301.2851190476191
3205,695.9375
430,212.7422619047619
8938,641.95
9941,694.525
7284,814.8333333333333
13666,772.59
4216,374.8233333333334
3509,242.89583333333337
3885,303.675
12467,849.075
3520,524.65
8846,430.7011111111111
9568,443.6532539682539
10932,247.84416666666664
294,717.1283333333333
2449,319.7
13375,365.87090476190474
10743,492.51
3195,1186.92
8817,1213.175
638,693.7307341269843
3703,647.8583333333333
654,442.29374999999993
2761,744.2855357142857
7443,499.7874999999999
12035,872.27
5338,427.2996527777777
14057,649.5916666666667
6428,1459.75
3116,464.9109243534242
13113,620.2
6012,737.14
7754,330.84166666666664
13502,334.33
1954,1452.3033333333335
12188,272.5915476190477
11155,352.4375
480,615.0333333333333
3088,416.2658333333334
13410,908.0416666666667
7666,520.05
3579,633.4
104,729.3458333333334
14026,380.09
1158,305.54583333333335
5287,383.45
3564,2020.25
1384,430.62767857142865
10929,1333.875
3448,210.78154761904764
4415,420.01
9246,350.60726641414135
12566,1060.7
9744,1242.842857142857
648,1121.835
10719,791.345
13857,475.20482142857145
9713,277.875
8917,439.3793398268398
6308,428.4571428571428
1458,548.275
11028,534.91875
10363,442.17025793650794
7882,406.6291865079365
7829,879.5
6951,932.0
12522,326.52777777777777
7464,406.693005952381
5364,447.27929040404047
11456,5478.09
5412,337.4691666666667
5362,1422.7
9222,286.7
11884,248.10416666666663
544,444.4617424242424
4097,356.83047619047625
6558,261.225
3887,213.54642857142858
4784,1078.9
5108,427.2996527777777
9545,415.575
13942,281.69125
6851,564.2248571428572
5313,1398.675
11165,299.3619047619048
2134,904.9666666666666
10001,409.78291666666667
4421,1355.6875
742,593.8325
12427,317.9077777777778
10863,404.8
16,856.2
9956,507.2940674603173
7855,585.5833333333333
5938,206.025
7594,741.9166666666667
9747,430.73912802840425
4650,400.55833333333334
11390,1517.12
13931,207.7
2797,282.11754689754696
9339,307.73541666666665
3725,536.3925
4641,833.8
9261,393.1385616466868
715,610.5625
12034,369.5291666666667
9699,353.075
2526,688.2466666666666
5077,396.1346428571429
10611,315.5860714285715
3315,482.56333333333333
3373,701.1025
10911,2523.0
2865,347.8321428571428
2488,311.4783333333333
4246,2407.614285714286
8963,1163.3166666666666
4451,612.96
840,1086.4583333333333
2699,376.96833333333336
11896,495.9
10185,1443.5
8737,524.34
4128,1184.8533333333335
6932,321.80583333333334
3699,296.3941666666667
2471,385.02162698412707
2772,340.77625
7458,303.53142857142865
12142,240.00750000000005
745,227.8403409090909
9354,223.23541666666665
5515,920.0
933,311.27032980091803
1143,393.10833333333335
11796,437.20833333333326
6880,438.9209072871574
12265,1078.7125
6888,295.2076785714286
2486,436.3756705859502
7052,1465.1
6074,475.8875
13716,214.11675595238094
8966,614.25
4150,432.48135317460304
8511,863.2
8642,437.3666666666666
10131,402.725
4520,209.71666666666664
6282,1140.375
13047,602.7909126984126
11575,942.245
531,441.125
9724,1213.5
5850,385.89
7601,695.65
9414,861.4416666666667
12688,867.0
7485,581.45
7182,403.6166666666666
9515,369.5291666666667
4973,189.37333333333333
9897,1035.15
5904,519.6603571428572
8370,372.6875
5441,421.80152777777766
12455,792.1625
6670,371.2465277777777
13835,200.9333333333333
7723,683.8503968253967
8061,316.35833333333335
2555,402.7
4116,572.2841666666667
1298,413.4921428571429
6459,675.2566666666669
13930,171.63666666666666
2185,356.9727380952382
2129,1233.82
7657,379.8
10991,413.27416666666664
896,631.985
7937,288.4125
2985,848.665
11809,668.91
13826,219.41583333333332
829,352.9433333333334
8374,900.2541666666666
5484,517.6291666666667
1227,564.5813095238095
6212,208.85595238095237
7308,559.1225
7444,570.9749999999999
6149,399.4391666666667
6811,382.2821428571429
10670,1149.5083333333332
3823,631.54
13508,218.4386904761905
4732,724.2770833333332
536,531.9525
2914,251.465
4103,327.8976560939061
6992,2051.0
9911,432.83333333333326
4563,389.25
7615,532.1425
8693,255.3
12868,383.67083333333335
9624,317.97249999999997
9925,411.25625
8207,176.3025
3636,341.9125
1179,413.0169173881674
9413,507.3365238095237
9812,508.03303571428563
6085,881.9283333333333
6995,382.3625
6261,1962.4857142857143
10187,540.775
2679,546.6246428571428
12930,289.4375
11823,314.49916666666667
1044,470.3917261904761
6826,455.3102976190476
10216,929.09
3372,838.67
374,402.2675
11351,530.5779761904763
7316,301.8666666666666
10984,1082.1363095238096
8964,335.12197222222227
13492,167.81166666666667
2151,432.645
3462,273.03166666666664
9835,843.0375
5858,340.349761904762
3129,1271.575
8639,322.225
6608,517.4333333333334
1492,321.5375
11932,862.025
12858,1049.11
9007,929.4583333333333
20,396.25
8234,279.0089285714286
7748,945.4
5682,337.80892857142857
3252,886.5
4437,1086.86
12165,1045.55
4615,296.17571428571426
7521,402.94166666666666
12904,1483.72
186,636.6375
13934,207.7
3296,1744.0
2391,406.693005952381
8769,1201.33
8405,782.2775
8401,241.9425
10727,613.0083333333333
5157,320.23083333333335
10497,168.8625
2358,188.95357142857145
5564,352.9433333333334
9076,1103.7904761904763
2992,294.4508333333333
7785,1073.15
11242,517.805
4194,784.05
1985,1503.2425
1471,264.9004166666666
5822,434.30327380952383
5949,533.5586904761906
12006,1173.1
11033,909.72
8872,601.7625
12998,401.99166666666673
2716,431.4891315628814
5538,366.20833333333337
11070,726.645
4829,619.7988095238095
10036,327.4583333333333
10330,393.56666666666666
10723,1021.25
11122,634.965
13466,770.1966666666667
8482,455.6297619047619
14050,568.1904761904761
8132,396.7065476190476
1237,380.4
5325,401.0166666666667
8050,178.34583333333333
8084,548.7158333333333
4203,1185.625
2320,1081.7718253968255
677,793.2
3291,900.5178571428571
5166,894.39
4741,400.63706619769107
8145,555.4
922,416.6016666666667
12474,318.325
1183,904.185
13560,441.8392857142857
12816,984.92
3018,956.5833333333333
222,783.2166666666666
559,924.2716666666668
1328,362.535
9980,451.895
4404,958.625
3108,1177.25
9451,294.435
13905,238.975
10708,378.285119047619
2021,463.49468253968263
10421,460.2125
7518,542.275
11899,281.335
13048,329.4153571428571
334,1075.6767857142856
6206,341.18833333333333
12069,668.475
6209,916.3875
5959,637.4
851,417.68154761904754
5720,405.7833333333333
2792,361.4354166666667
12122,238.38333333333333
4085,398.4164285714285
8629,626.745
2335,523.43
4490,360.76916666666665
9352,613.5790476190476
10775,752.42
11755,408.9108333333334
10437,350.42999999999995
1666,576.3390476190475
12061,787.5166666666665
8072,458.8
3547,414.55153769841263
3976,652.9294642857143
9643,252.82000000000005
9736,1071.2410714285716
13731,279.8464285714286
725,883.7125000000001
12446,270.725
8615,893.3895833333335
4399,400.825
12750,201.665
13981,854.82
12408,608.175
10789,409.13065476190474
8659,242.15
3839,860.37
4296,539.75
3821,817.775
448,968.76
7809,907.6166666666667
1792,1695.0
9069,453.195
6158,456.62619047619046
9598,257.6125
4326,391.8619444444445
3170,696.75
10807,507.51047619047625
7250,586.4583333333333
7992,317.51338744588736
10503,1067.9
4979,337.2158333333333
945,1007.275
8721,609.35
10293,317.64583333333326
1548,307.14166666666665
684,314.01666666666665
3985,510.8925
10722,920.25
7094,541.2169904401154
876,834.0
6998,1411.8
8529,374.025
9967,485.18666666666667
8168,804.7
12472,231.60562500000003
1316,339.6833333333333
1881,1576.65
11051,306.3225
2003,712.4833333333335
7709,406.6291865079365
4951,577.8825
6887,741.53
3430,385.475
9086,500.10583333333335
915,513.9375
8286,502.8863095238094
10646,1007.39
4686,447.40791666666667
10780,693.7645833333332
3099,2538.25
3652,501.05
7913,306.5666666666667
7135,730.91
8063,220.87333333333336
7075,520.7393095238095
13714,743.79
4787,299.3619047619048
9968,673.88
10392,294.15
5246,3345.0
13228,441.6083333333333
1627,628.295
12414,432.82
2586,303.0109821428572
2413,184.20166666666665
1238,478.26071428571436
9934,274.8775
6735,821.125
102,828.0
2681,388.85208333333327
1622,767.25
3426,313.2756349206349
12284,304.05083333333334
3860,268.3391666666667
8166,202.70017857142855
10906,1111.0133333333333
1356,314.01666666666665
980,362.25
9748,174.64952380952386
5684,642.9333333333334
12752,199.55416666666665
14027,2788.875
3818,1395.65
1489,304.1
13907,448.26113095238094
1098,1028.4125
4171,321.0850793650793
1019,388.0347619047619
1154,1276.75
908,426.13838712370284
12696,1185.635
7306,404.37875
1706,371.6941666666667
1324,393.8230357142858
12359,505.7274999999999
12587,572.11375
4756,325.7303968253967
5968,546.57
8564,516.8041666666667
4095,446.44458333333336
8036,348.115
7560,456.9541666666667
4126,427.8834523809525
8108,1319.25
8032,735.61
10364,447.27929040404047
7093,280.35
9034,1593.475
11553,347.07333333333327
4131,506.0858333333333
13477,373.2825
13734,1092.225
1509,592.9106666666668
11829,251.8166666666667
8714,224.51309523809527
10649,661.2542857142856
5435,952.605
4239,345.3048611111112
1603,1137.8041666666668
322,295.6992857142856
8125,192.9
5666,1306.45
4802,1289.15
12643,1014.875
8700,281.85
6704,1057.9583333333333
10010,226.0
5422,577.5319047619048
4693,405.3363852120103
11238,269.925
5749,441.23045634920635
264,625.7666666666668
14091,880.725
3464,245.91785714285714
9376,131.66
7221,411.4833333333333
12365,415.59416666666664
3470,706.0714285714286
13115,421.1246428571429
5991,812.5558333333335
13484,43165.675
4455,458.9092857142859
11111,388.0704761904762
5272,792.425
10773,453.7791666666666
13850,402.0415476190476
9241,1193.3
9809,282.58624999999995
13768,1289.675
9196,347.45537129537144
9594,1040.825
6358,2168.125
13191,643.2
8293,343.4040476190476
8522,433.1625
7564,1387.1
2445,232.51714285714286
8944,419.2333333333333
3329,940.4937500000001
7891,1391.6
11053,746.0
12564,421.3645833333334
3423,375.91124999999994
11174,744.98
7747,1105.5
7342,445.0813492063493
6884,877.505
968,219.7854166666667
1946,288.66738095238094
4915,960.4741666666667
3289,2781.0
96,380.96
10651,324.4245833333333
5665,1401.275
8369,338.425
220,389.31642857142856
3132,1273.6
60,1011.6803571428571
13197,347.7767524142525
9432,235.9109523809524
12518,362.73988095238093
10485,849.1020833333334
6190,333.26666666666665
462,498.1770833333334
4769,1125.79
3795,259.60869047619053
11492,602.66
5596,563.335
8115,329.81666666666666
10326,556.1416666666667
9474,442.27940476190474
6968,910.4791666666665
399,527.5166666666668
13583,323.18000000000006
12458,550.74
6106,1835.5
4722,615.61875
11660,220.98333333333332
10581,933.885
13979,440.8534722222222
2309,361.9708333333333
9965,655.95
10060,376.53041666666667
6632,1333.6416666666667
331,507.2583333333334
1787,477.3395833333333
813,391.3392857142857
1979,490.58
11321,450.225
614,240.875
1283,526.4466666666666
8290,529.325
9005,11765.25
2615,291.6667857142857
8258,302.275
3799,444.1428733766233
11804,186.9908333333333
6753,270.2375
13743,194.31250000000003
10456,454.6782738095237
13181,329.47916666666674
2406,943.17
10577,318.73630952380955
3910,878.0333333333334
3707,863.0
7050,437.43458333333336
2030,351.6883333333333
13186,228.0
6334,1177.0
6878,569.2666666666667
10105,532.1020833333333
6868,325.85416666666674
9782,383.6067103174603
6936,655.21
8399,310.2375
6562,332.32291666666674
5035,321.45511904761906
9210,286.7
9537,400.65
6577,972.145
2752,461.4
8542,883.765
3801,333.66537937756686
3060,328.1035714285715
11663,278.01666666666665
7460,976.775
1732,494.2975
3541,523.5220833333335
12205,406.23333333333335
8992,317.8125
1167,776.4638571428571
1452,409.425
7589,773.625
4251,1619.4
9781,607.3083333333333
3080,373.9867857142857
13163,458.3392857142857
1944,511.427738095238
3121,589.8166666666668
5509,532.9195238095238
13509,1023.435
1348,516.6549206349207
7585,465.3
6661,280.15
9629,564.2248571428572
1209,622.7360930735931
4922,463.41241952491947
425,222.39166666666665
555,299.18780212842705
1955,987.0
9298,470.10401701076694
8710,201.225
8937,352.94630952380953
4717,583.1862500000001
8362,1091.24
11073,1211.85
13792,1858.5
5478,1269.0
12233,468.495
5454,356.91375
13373,464.04375
10243,378.8
6949,574.5285822510823
6453,304.4875
574,975.195
9628,1426.4
13790,977.1741666666666
3091,492.05416666666673
5744,434.2879166666667
11634,250.3378571428571
2421,1141.4791666666665
7792,396.91375
69,530.8830952380952
2349,336.69406746031746
2376,255.9440476190476
8813,420.425
2617,375.3
12888,380.20083333333326
1596,424.2
4903,333.71659479409493
7653,711.925
10242,2853.416666666666
12701,402.9594444444445
7249,349.3533333333333
246,160.80166666666662
3071,812.7678571428571
3016,751.4071428571428
2900,265.35
4004,444.44644480519474
4919,441.02083333333326
13189,434.425
674,308.07977577977573
4731,585.48
4871,985.6766666666667
5020,158.44875
9259,408.41666666666663
3861,2209.25
13690,377.36968253968263
8918,369.3361904761904
13865,241.62559523809526
2478,696.74
3949,299.01666666666665
8493,283.9666666666667
8525,1027.65
5951,839.8116666666666
2037,454.6366666666667
11188,338.4375
12953,148.33333333333331
10451,327.825
13374,474.47666666666663
1428,392.9775000000001
2808,331.9458333333334
8484,555.2079166666667
6671,384.47648809523815
4949,540.2225
1414,394.3275
115,716.375
13574,995.5083333333333
13537,730.9862698412699
231,384.3891071428572
9738,954.963888888889
10597,434.175
4157,696.475
1521,432.8327380952381
8455,460.79333333333335
215,636.6375
5610,992.7166666666667
9350,388.26051587301583
3257,415.68583333333333
9194,1175.525
6437,363.835
2183,204.66666666666663
4329,391.8619444444445
13662,462.625
2806,1274.65
5643,821.11
8858,1235.875
2969,339.9666666666667
8541,662.0541666666667
6197,395.68333333333334
6084,413.2160119047619
6828,470.02785714285716
8116,630.5683333333334
13076,912.3
9635,284.175
9226,352.94630952380953
1499,819.9075
5849,389.0245851370852
8954,787.26
3493,290.74
3442,876.1
7039,426.64416666666665
12538,518.1866666666667
2056,359.39166666666665
10778,684.9916666666666
2059,363.4247619047619
13753,360.47
10165,362.25333333333333
12966,377.455
13888,245.3067857142857
3693,299.225
8879,1101.365
12614,475.7874999999999
8702,6950.475
484,624.82
6293,3162.925
6216,178.425
4408,643.9282738095237
7736,352.9433333333334
8747,622.95
11423,521.4979166666667
8573,1246.4166666666665
4210,385.95
13437,1049.8371428571427
3475,723.67125
5690,400.9468849206349
3188,472.0232142857143
5268,1585.05
6111,1145.3916666666667
12766,43328.325
6578,367.99
4718,823.7916666666665
9936,284.3610119047619
11799,771.11
4360,1021.25
1415,319.695
500,638.61
669,741.1291666666666
7725,406.6291865079365
12415,519.7253282828283
12106,681.775
3489,247.24166666666667
304,779.5
5837,749.755
1704,282.11754689754696
5023,578.525
5823,715.875
11687,651.8597023809524
7114,403.51666666666665
8532,343.56416666666667
10891,358.2108333333333
8524,1117.15
5279,379.2091666666667
11782,823.59375
5129,437.6696825396824
4603,966.55
13118,1760.175
12901,1033.855
5196,400.63706619769107
10299,1246.0
9486,470.9433333333334
2454,183.0557142857143
8777,445.925
1069,360.76916666666665
13542,1441.25
10913,1720.5
9267,405.195
554,394.4261904761904
4352,301.33458333333334
13159,277.82922619047616
13369,208.5
6163,427.55625
6001,222.36726190476188
13330,220.24166666666667
7234,285.2479166666667
13538,1153.5458333333333
12286,221.52166666666668
12364,323.4797420634921
9271,463.43178571428575
13040,307.41809523809525
421,771.87
13916,345.65
9559,889.275
13786,475.86
1497,315.395
1048,714.135
10941,348.7925
8216,314.5770238095238
857,431.29435912698426
10267,558.915
3483,524.7574404761905
13533,261.6
10491,255.95892857142854
9919,382.45916666666665
10624,259.93630952380954
4955,510.3925396825396
6867,1049.2416666666668
5853,1301.73
10171,1136.6541666666665
821,716.065
1644,774.55
12099,680.6333333333334
4217,700.775
108,527.25
368,728.275
8442,530.16
8138,501.75
730,1128.825
8268,1008.16
11602,407.029724025974
5598,498.15291486291494
7503,971.4433333333334
2389,548.475
5227,619.3225
10432,273.74749999999995
7753,411.55
7066,243.65
9905,339.6876190476191
511,167.49166666666667
701,378.66017857142856
13738,399.91
10484,488.4
10644,694.7625
1278,507.39375
3734,817.7895833333334
4817,786.195
40,716.375
1892,1146.725
8763,996.4783333333335
4257,992.2472222222226
13562,302.14194444444445
3316,303.3666666666666
2508,347.8321428571428
13644,259.9375
7599,531.45
1304,578.7375000000001
3102,412.59142857142854
13009,220.53333333333336
347,634.1464285714286
7378,968.7
11903,639.5916666666667
475,421.9933333333333
12853,388.0230952380951
5872,791.1
12407,342.3916666666667
4448,411.77946428571425
10042,216.1575
323,376.57130618156356
4661,1268.225
12910,379.6238888888889
7640,739.175
13229,382.1793055555556
2817,653.5690476190475
4366,466.37333333333333
972,502.4647817460316
13321,570.9321428571429
3405,995.5083333333333
11661,393.7666666666667
8485,1446.15
11655,395.175
12551,394.0291666666667
6062,624.025
1202,449.4703571428571
7269,371.26800000000003
9958,329.64166666666665
37,254.36517857142863
8953,701.8
12851,579.215
13732,433.41654761904755
5909,350.3071428571429
9571,277.375
4561,854.7666666666668
5710,177.09125
4101,281.75
12100,473.125
11520,354.69940476190476
1289,333.40107142857147
13707,216.1375
2401,796.5000000000001
13649,382.5625
6000,162.35583333333335
12497,593.22
1747,533.2217261904763
11234,1327.95
3853,1100.65
4076,348.75
5887,722.8766666666667
12671,724.84
9307,383.9883928571428
11217,332.17708333333326
13268,464.3433333333333
7335,1010.575
6331,341.67916666666673
211,136.83125
1951,525.2225523088023
11191,997.0
652,333.1191071428571
2207,317.0291666666667
1397,451.82
9797,263.4016666666667
4815,412.17
13901,397.81
1671,758.775
2321,508.775
1953,765.7916666666667
3367,342.29119047619054
6622,707.8365575396825
13741,174.045
10024,372.7588095238096
9122,202.1593939393939
12819,217.25
9547,174.99708333333336
485,236.625
3379,1076.9916666666666
899,587.415
1733,215.63
8444,390.7422619047619
11050,1087.7583333333334
7389,1013.67
10130,460.745
12079,959.6833333333333
1251,615.8365476190477
13108,522.3947619047619
2436,3588.0
4405,441.3506547619049
14025,417.9333333333333
11290,1103.325
12502,371.51642857142855
4020,560.78125
2304,325.85416666666663
5703,468.9467261904763
583,742.0520833333336
9405,508.1021428571429
719,401.5812202380953
5459,382.40625
9773,1458.4
763,297.10416666666663
5170,256.33879870129874
1871,340.51791666666674
11832,861.9166666666669
5405,276.325
7196,866.0
739,675.975
10945,860.87
10356,1717.5
4130,351.12666666666667
13341,506.695
9793,704.8958333333335
7062,326.375
10240,406.235
5437,391.225
12525,894.4416666666666
9491,1739.75
751,332.875
13854,624.93
7220,435.22833333333335
6863,249.45416666666665
1840,315.68630952380954
4795,493.70166666666665
1276,313.59208333333333
2993,269.2738095238095
12224,185.46333333333337
7243,730.125
3046,302.91666666666663
4886,1114.75
8058,391.67271825396824
2265,677.4066666666665
6921,300.8825
11545,244.42083333333335
12993,348.30416666666673
8818,262.87856060606066
12332,1148.7583333333332
1370,393.8230357142858
741,532.1425
3066,1480.15
11631,286.345
1189,1231.9375000000002
13082,998.075
5169,194.85
1571,303.94166666666666
8862,1122.63
10686,375.2191666666667
2528,739.56
2128,1076.0166666666667
11169,348.76
6126,560.78125
12623,238.38333333333333
1982,345.83333333333337
11407,1371.54
7607,388.4875
7880,844.71
13445,364.3025
2058,631.45
9310,607.425
8263,828.8677083333333
5770,436.60583333333335
11015,330.97439393939385
4591,483.5949999999999
10893,1019.01
2880,1013.7183333333332
13898,220.14583333333331
2754,330.7202380952382
8723,334.19083333333333
2989,258.7496428571429
4375,1821.75
4093,320.51000000000005
13151,1414.916666666667
7299,491.42166666666657
4220,324.68083333333334
563,578.1625
8001,653.0370833333334
11500,314.72023809523813
641,311.27032980091803
1670,639.5409166666668
12593,327.725
2408,693.55
11824,829.9345238095236
7174,295.15
8789,607.4590476190477
7632,326.2482242063492
3722,529.6625
9363,869.4333333333333
13067,1056.877678571429
6652,993.97
10106,539.8002976190477
4557,972.2733333333333
9382,404.5291666666667
5829,427.2996527777777
181,533.55
8613,374.42252272727274
6756,300.0
2219,308.315
10419,1293.9041666666667
1956,282.25952380952384
1058,7376.14
12586,822.65
13206,416.95833333333326
1400,319.2208333333333
13349,419.695
4948,295.5441666666668
9910,432.3083333333333
5563,612.5
7387,496.1366666666667
4300,262.06666666666666
10620,310.5760714285714
11086,315.875
1211,876.2476190476191
11278,742.45
3394,636.1419047619047
2239,349.86666666666673
13976,32013.35
10115,473.09583333333336
7225,580.3983333333333
12997,501.60166666666663
9050,542.25
4185,385.1752777777778
9759,639.725
6792,476.5362357087353
11366,394.14583333333337
11971,490.75
4702,1524.8
5891,523.4233333333333
1435,625.9519642857143
14088,252.0727380952381
93,783.2166666666666
7966,364.2575
7079,219.74666666666664
3117,779.75
10347,310.31666666666666
5774,652.0649999999999
12520,321.3
5533,598.7498015873016
2778,273.86
12442,235.41666666666669
13348,398.9683333333333
13833,347.2326190476191
3486,472.0962261904762
11343,288.1
13632,800.375
12129,626.325
3468,398.075
1085,173.93125
13479,1170.4166666666667
429,902.0
4458,313.7708333333333
5432,373.41666666666663
4270,421.80152777777766
9044,330.7202380952382
3648,1382.25
10714,555.6625
7551,1136.6541666666665
409,292.8833333333334
11461,268.9429761904762
1609,317.51338744588736
5156,336.9170833333334
6384,632.7958333333333
4904,243.4416666666667
4221,533.6991666666668
4316,1192.675
12810,181.29166666666663
2755,400.55833333333334
10688,417.3964556277058
950,416.2037301587303
12680,218.3904761904762
10938,481.185
8489,531.5925
11317,502.80500000000006
9442,387.27023809523814
11738,961.139880952381
5910,1114.0083333333332
11758,379.79583333333335
6342,515.8458928571428
8385,1039.05
1692,401.5812202380953
9587,318.99666666666667
1422,360.64232142857145
5560,496.28819444444423
9218,196.075
820,441.79125
9876,361.3475
4872,828.05
3456,347.275
14085,207.10345238095232
10557,334.9875
11274,392.175
13935,207.7
4063,1217.8583333333333
1286,321.725
11031,1215.8833333333334
2928,559.3483333333335
11911,507.51047619047625
13240,1135.0
1092,882.7
4304,459.5202380952381
74,453.5041179653679
12724,1104.04
11291,256.73333333333335
10564,317.18333333333334
5986,298.53541666666666
5776,848.2979166666664
292,389.325
13498,195.67916666666667
5047,1407.75
10745,628.4595833333335
5100,635.4928571428571
2090,504.56041666666664
6401,348.50875
1802,404.787619047619
12929,1138.975
3972,387.6482738095238
3695,411.56642857142856
4668,602.475
319,330.6261904761905
13312,427.175
5221,359.4875
13170,380.1
4343,328.4383333333333
1826,1199.1875
10507,336.8223809523809
7912,544.1230555555553
145,396.25
12124,210.29375
12191,792.195
6907,741.53
11892,414.33333333333326
11488,567.2726190476191
9805,1451.25
11113,528.9979166666667
10766,404.4
1831,534.4
3981,476.5362357087353
86,636.6375
8901,620.4553571428573
1220,446.22916666666663
13391,266.8933333333333
4505,131.66
2866,231.22535714285715
2997,287.225
4070,507.6
11118,336.1
11574,407.62
595,741.0833333333333
5184,417.4075
10408,374.1566666666664
10953,334.4933333333333
11913,758.225
8076,374.15
13683,1370.325
13224,1613.5
5329,362.595
62,954.7291666666667
6956,1592.7
6602,311.41051046176045
4581,195.40833333333333
11536,234.60654761904763
7478,917.85
11167,300.795
11656,332.7493253968254
9203,347.45537129537144
10885,422.7983333333333
13998,3370.375
10019,219.1375
5206,323.17875
12404,377.4025
959,459.30505952380946
4839,616.6940476190476
1514,394.97242965367974
2291,251.40833333333333
4218,1169.86
5310,1221.1
1480,357.15833333333336
7655,2417.25
13401,279.575
6339,714.0809523809523
4672,1168.6833333333334
10439,379.4433333333334
2956,670.3166666666667
7143,576.5708333333333
9685,359.72321428571433
2981,773.625
4334,1209.35
9003,935.5
13940,281.69125
11196,1118.07
10255,592.6333333333333
11888,405.9625
6662,451.895
12743,507.5875000000001
11101,247.84416666666664
128,957.2
10732,167.81166666666667
5107,388.26051587301583
10616,469.89625
3356,837.625
12107,363.37249999999995
6799,849.0
4232,302.046011904762
12484,273.975
7108,335.18095238095236
6271,503.88720238095243
9351,845.245
6150,538.2812500000003
276,561.6709523809523
9610,1013.8
13764,333.9916666666666
1273,568.0041666666668
12292,181.65
8441,418.425
13819,273.70000000000005
7092,202.5
1898,586.4190476190474
12657,282.425
5426,307.9133333333333
7086,402.95833333333337
6073,311.4783333333333
13851,200.9333333333333
6857,278.875
11040,203.75
12698,390.38833333333326
2827,344.9541666666667
716,1275.7583333333332
12639,977.1
4601,342.95
1119,517.315
3709,830.75
3059,961.139880952381
9403,758.95
12556,401.9033333333333
4460,323.175
2317,293.4890440115441
5235,564.0555555555555
12402,242.8
11901,301.35
6922,390.72440476190474
10904,307.8710714285714
11909,341.5125
8676,467.5183333333334
11346,1070.425
11020,394.225
12703,272.73
3012,725.5994999999999
8315,12962.99
7459,306.47499999999997
9989,2441.5
9309,465.23
1865,326.075
8396,1377.9375
2996,568.735
12041,453.23916666666673
6474,323.815
12634,1109.5833333333335
13575,316.3992857142857
734,1174.3128571428572
13932,207.7
9293,302.325
2458,316.44166666666666
7531,1224.47
9113,1030.95
11563,907.625
12194,303.53142857142865
5750,680.4683333333332
12968,755.155
3551,239.61
9471,609.4166666666666
3711,313.59208333333333
7034,597.485
4119,468.0308333333333
7603,278.2892472111222
5834,330.35
4025,461.7915764790764
14064,841.2443452380953
4926,448.92857142857144
6336,945.655
9000,673.195
9463,656.4454166666667
4356,281.0
12780,601.1815277777775
13320,459.7366666666666
3510,1131.25
6876,1339.775
4078,226.8058333333333
11635,1369.595
12154,1009.0
5793,486.3683333333333
7304,1196.65
12161,352.4
10724,1023.905
1794,690.9666666666667
1693,549.6
4258,630.25
13204,370.0
6619,1082.9
494,959.775
13709,735.31
158,417.477876984127
9949,416.6226785714285
12338,360.47
6278,540.5041666666667
6385,484.74916666666667
12607,1380.89
10997,3700.75
2288,251.40833333333333
6729,276.56666666666666
3845,718.9416666666666
966,404.14047619047625
13736,228.52785714285713
11025,527.015
2253,839.2083333333335
8194,684.0083333333334
2579,370.025
439,394.82107142857154
3323,380.445
8222,139.87
1615,389.95615079365075
5654,582.44
3685,929.1916666666667
3753,544.3021428571429
12193,462.28333333333336
12185,161.4
13421,604.0970833333333
468,300.07261904761907
6873,1236.65
757,291.94499999999994
10968,302.3666666666667
4623,1096.955
2689,795.375
1091,1114.025
12276,705.2458333333334
10241,739.55
11271,453.32829365079374
11625,342.75
7140,950.36
1375,244.35
5273,734.8309523809523
1863,488.0728571428572
8980,337.2158333333333
5130,300.67121212121214
3729,1011.25
11585,262.9433333333333
12320,135.90833333333333
12702,1867.385
1879,303.675
13639,523.6335082417582
13443,12225.851666666667
8960,329.5325
1120,526.675
4485,394.4261904761904
12151,234.490625
3955,550.9364880952381
12732,1109.2333333333333
5548,388.4875
11255,946.6
10510,625.435
13279,386.8416666666667
10802,329.825
12597,854.975
3077,246.27238095238096
1433,323.525
11558,264.05
10224,527.1458333333333
5358,622.1491666666667
5475,641.9354166666667
2175,268.7908333333333
3718,464.9109243534242
2103,1483.875
4148,573.75
13514,963.9054166666666
2657,853.725
9234,468.91125000000005
1935,540.125
9248,333.5860714285715
2953,939.838888888889
10073,432.8
5816,456.3184523809523
7853,549.13
6502,318.94
9384,288.837380952381
10063,1093.46
10987,179.68333333333337
759,255.4179166666667
9574,640.410119047619
830,313.7470238095238
3932,978.6344047619048
7329,562.1258333333334
5810,345.3048611111112
5924,388.0347619047619
12294,504.815
2448,232.51714285714286
11038,627.685
9237,561.2745436507936
11607,332.7493253968254
8661,289.8820833333333
5557,219.31833333333333
10276,274.45
5590,559.5733333333334
11200,1132.625
11157,406.325
4195,468.0325
6007,904.4583333333335
11551,161.26666666666665
1460,504.09747023809524
6787,661.764880952381
7541,609.9303571428571
6913,371.2465277777777
13622,427.7345238095238
7334,372.25
7260,275.73083333333335
3078,377.5
11397,386.275
6914,1143.955
2674,890.4166666666665
135,260.5783928571429
7801,812.71
13953,280.0
13211,263.9291666666667
2930,325.7303968253967
9704,1255.3583333333333
3890,826.25
800,635.47
7933,391.96583333333336
8129,385.53416666666664
8905,666.37
428,281.08666666666676
11205,845.1354166666667
5373,786.425
7508,498.1770833333334
12599,766.65
7699,211.80595238095236
12619,157.4
5903,298.40476190476187
1256,655.7756190476191
3276,329.77083333333337
6077,288.37166666666667
8627,217.9958333333333
4882,1089.25
5419,263.325
11296,2203.5
2319,1081.7718253968255
9920,356.9775
5153,486.525
8974,1397.8666666666666
3038,925.7033333333334
4830,1432.5
9648,318.85833333333335
9181,396.725
4827,579.3729166666667
10821,350.31083333333333
8583,531.8258333333333
11966,542.78
6946,454.375
11469,490.11666666666673
3306,260.24333333333334
382,538.0312500000003
9743,812.1238095238094
3528,330.035
2789,279.7875
13754,421.8319264069263
1,250.7
6597,410.05
3061,769.7178571428572
4961,534.792361111111
7733,314.5191071428572
3313,999.85
11900,329.1675
13282,379.20166666666665
10244,374.1566666666664
7021,875.825
5406,426.6
5258,330.84166666666664
7977,197.01666666666665
9027,634.95
8726,387.595753968254
13011,642.78
2019,529.6129166666666
6386,314.09106601731605
13696,405.1466666666667
4954,452.63750000000016
6322,643.025
11141,377.2092658730159
7745,428.4571428571428
5051,441.3506547619049
12617,340.075
6376,970.425
9282,470.10401701076694
5503,1069.825
13097,230.17333333333332
10147,531.4475
4666,465.4281114718613
7400,379.8
3155,781.305
5614,637.7266666666667
217,208.85595238095237
5220,474.44916666666666
4630,196.025
7896,470.10401701076694
8537,331.1300992063493
3922,323.7802380952381
867,335.0708333333334
11666,300.43666666666667
44,550.525
18,282.7
12374,201.21458333333337
8584,1277.65
1884,399.7892857142857
3706,835.55
10155,1470.9
3708,848.4
12938,395.4
5146,774.795
8962,798.51875
7887,305.98258928571425
11928,305.43333333333334
8481,744.3483333333335
3326,414.2865909090909
12725,439.12083333333334
9617,674.5
10977,1264.0
5848,2060.75
13112,989.0958333333334
11185,459.5407142857143
7954,486.92666666666673
13125,295.2076785714286
5844,446.035
260,377.25142857142856
9734,180.9
444,304.25833333333344
8655,396.91375
6965,1029.0575000000001
9485,510.57216269841274
533,727.8775
6919,299.575
11611,354.69940476190476
10382,1031.9604761904766
11361,233.57708333333335
13656,901.215
12004,1029.1
12946,294.85
431,212.7422619047619
5679,401.99166666666673
4439,391.68533730158737
2329,982.1666666666665
9729,602.88
8825,400.3416666666667
578,502.97916666666663
13111,1360.95
7045,260.57958333333335
8178,463.99583333333334
5187,225.46875
8067,323.62916666666666
13608,2418.25
1699,583.7725
762,515.8458928571428
12254,298.90625
797,383.2941666666666
4752,434.30327380952383
9971,408.235
7504,809.3
6174,1218.4625
4383,206.82351190476192
12994,871.275
11772,665.475
11565,648.8232142857142
2547,527.3764285714286
1942,999.875
4082,404.81428571428575
14059,649.5916666666667
6557,369.33
6326,446.1517261904762
5438,350.08333333333337
3069,1010.0
10291,318.5275
5839,343.70125
14028,841.2443452380953
7866,263.1296428571427
8760,521.6020833333333
10676,383.9383928571429
592,267.0078571428571
4788,838.8645238095237
9252,470.10401701076694
3298,310.7785714285714
1042,476.9550000000001
6904,877.505
9020,318.44166666666666
2518,305.1433333333333
2222,428.4571428571428
7780,226.02666666666667
9256,1436.42
10096,482.58020833333336
6301,412.2473809523809
6504,274.21666666666664
12531,780.4875000000002
9212,258.71875
9396,1964.5458333333331
961,541.6657196969697
3590,422.290137987013
6087,369.03087301587294
11433,341.7974206349207
3774,761.055
884,473.0928968253968
4547,653.0508333333332
8299,333.15833333333336
10385,1280.0
9346,1162.75
4685,681.7833333333334
7526,441.0616666666667
6780,1400.625
8815,326.91857142857145
11414,374.4908333333333
1836,547.2887499999999
6930,166.16458333333335
7361,458.285119047619
3785,262.1091666666666
8371,266.4866666666666
12957,274.225
2451,511.41
12297,359.3113095238095
7437,558.095
11288,1116.54
5716,434.60892857142863
7173,310.7
12210,451.2875
6943,1751.175
13394,1047.9664285714287
1161,897.4416666666667
14105,911.7598214285714
8977,1065.875
12400,1357.05
11309,584.8016666666666
6211,373.10416666666674
2155,589.875
1459,637.6
1207,197.11666666666665
8345,374.8625
11142,462.655
2743,500.22666666666663
8732,356.99392857142857
5045,517.7516666666667
12550,768.2195833333333
10565,350.7583333333334
13870,407.6415476190476
7895,270.575
4786,672.525
6168,378.225
1148,250.4525
7071,287.13333333333327
13590,238.18749999999997
8414,308.07977577977573
3290,404.81428571428575
9480,547.4263095238094
12072,387.6482738095238
7800,334.67351010101015
1887,505.58059523809527
624,890.825
6519,986.8066666666666
1340,394.76583333333326
13947,189.225
8840,906.4
3324,343.455
4245,450.6541666666667
3081,324.96
12749,184.7489880952381
10733,167.81166666666667
1502,367.8125
11975,1529.75
3425,334.3707108169609
6785,462.70854811854815
3496,465.01666666666677
4090,934.5488095238096
10411,773.935
13725,293.47555555555556
13359,275.2025
7975,367.85
6348,885.525
8367,471.08
11593,1050.4392857142857
7175,312.76666666666665
6320,431.4891315628814
9239,516.0591314935065
11941,859.74125
10877,649.025
8427,502.557738095238
8162,382.5949404761905
11335,492.04367063492066
10157,579.0916666666667
11213,251.74666666666664
12740,161.4
6183,324.3125
8611,302.95875
3039,660.5183333333334
8243,1552.25
8397,373.09333333333336
4476,1057.27
5398,392.90892857142853
1473,491.675
13569,579.025
10412,699.2375
9318,377.06180555555557
5713,331.87
3370,399.67833333333334
850,576.5841666666668
4864,1022.085
3388,1233.29
6979,665.2066666666666
8984,380.32416666666654
10167,1077.5083333333332
2211,434.8175
3563,258.9825
579,910.1
11203,694.69
1512,327.8976560939061
6648,985.5380952380953
12647,414.865
3376,1003.1216666666667
11677,649.3
11116,189.67916666666667
415,765.8
7302,406.15
11784,795.575
6179,242.94666666666657
5016,262.8554761904761
427,480.7788293650794
11294,556.4544642857144
622,326.39166666666665
2095,318.1466666666667
11039,304.3416666666667
8956,999.9889880952381
6818,705.3787500000002
2381,1337.8
7542,331.1300992063493
2341,483.225
4534,574.12
266,294.79383505383504
6102,310.6425
9951,974.28
8833,539.9443095238097
10978,268.3820833333333
11728,300.075
5332,297.925
5814,533.7525
14031,560.2733333333333
6700,451.1069166666667
5618,461.80248931623936
10150,298.895238095238
8024,11664.78
12440,282.9916666666667
2089,280.42249999999996
13605,365.15
2143,818.1
4631,574.8416666666667
10400,315.36428571428576
4478,521.0954166666667
1083,568.2
1672,567.3
3422,148.32083333333333
3746,842.02
12527,536.2483333333333
3843,537.7910714285714
12956,297.28333333333336
10844,237.30488095238098
1504,431.29435912698426
9675,252.11809523809524
1972,248.82916666666665
5181,349.175
2609,331.8875
8210,143.43071428571426
12590,548.2
8325,214.70333333333335
317,503.615
3747,559.6568497474747
695,802.375
13566,280.42249999999996
11987,4976.025
6852,539.9217063492065
3586,434.0370833333334
6663,414.10416666666663
11978,1097.6583333333333
2967,835.97
4644,1336.775
12021,364.73190476190473
11559,268.13125
7279,325.8375
3095,478.17361111111103
2883,274.025
12885,325.875
3269,277.0495833333333
5350,997.495
12167,1250.9214285714284
10539,1009.6458333333335
13799,326.01
3245,251.40833333333336
11399,816.01
7040,727.165
3101,554.9354166666667
7683,328.9375
9016,311.27032980091803
11748,374.78
11259,593.22
1464,500.74166666666673
3838,958.0
8577,788.3541666666665
377,369.03087301587294
9718,602.88
10718,466.45833333333337
2217,442.72333333333336
6730,915.78
12281,306.75
13399,287.07916666666665
8226,235.9109523809524
11867,1293.475
9607,838.485
3820,836.1508333333333
12874,378.8600396825397
10372,497.4404761904761
5532,248.58999999999997
12637,458.6735833333334
4140,299.1583333333333
3232,497.0259523809524
2393,348.3041666666666
9388,129.65
10939,359.9
2485,391.68533730158737
8388,210.205
12907,512.6583333333333
8218,488.70231317293815
8048,648.8232142857142
2047,512.6233333333333
5894,415.0291666666667
1255,377.6916666666667
953,507.4000000000001
8912,475.295
11087,1090.4166666666667
12682,199.60607142857143
5091,222.12583333333336
3167,303.6095833333333
2933,848.9875
7803,391.96583333333336
3410,296.1125
9576,336.6
1719,433.81878363303366
10796,406.4
10022,521.4979166666667
8296,712.97
13307,1254.3083333333334
12532,446.23619047619053
10892,399.875
11284,497.7173214285715
6744,367.6875
6596,398.84142857142854
5376,339.575
6014,326.69166666666666
13817,326.525
2565,278.7625
10621,347.77142857142854
7417,663.225
10896,378.075
1537,388.60083333333336
1057,1640.05
1147,395.6094047619047
10763,3606.64
1938,1033.85
6178,416.45
1032,263.875
9439,218.7475
8381,198.34833333333336
9940,1105.1125
10861,180.68892857142856
11992,256.33879870129874
6546,785.3676587301587
7862,583.7894047619048
7339,955.025
2544,391.3685126678876
97,1462.75
12712,219.625
13597,256.0445238095238
2475,416.65
2685,715.2266666666667
2523,385.6525000000001
2628,574.675
